Episode,Reward,Epsilon,Best_Reward,Best_Avg_Reward
0,0.0,1.0,0.0,0.0
1,50.0,0.986490720371689,50.0,5.0
2,0.0,0.9772602357724138,50.0,5.0
3,25.0,0.9652158340034498,50.0,7.5
4,275.0,0.939501145529759,275.0,35.0
5,0.0,0.9292222426261074,275.0,35.0
6,0.0,0.9208959343791289,275.0,35.0
7,0.0,0.9111850251059626,275.0,35.0
8,0.0,0.9028397355182259,275.0,35.0
9,0.0,0.8938554360768814,275.0,35.0
10,75.0,0.8805463413618011,275.0,42.5
11,0.0,0.8714352082896778,275.0,42.5
12,0.0,0.8639722558748574,275.0,42.5
13,100.0,0.8490676938838823,275.0,45.0
14,0.0,0.8411230613492915,275.0,45.0
15,50.0,0.8310889065147856,275.0,45.0
16,0.0,0.8231478370058832,275.0,45.0
17,0.0,0.8146306140856312,275.0,45.0
18,0.0,0.805879071672457,275.0,45.0
19,350.0,0.7935623841946564,350.0,57.5
20,0.0,0.7869237177170659,350.0,57.5
21,0.0,0.77815847253293,350.0,57.5
22,0.0,0.7701067607019746,350.0,57.5
23,0.0,0.7633588806202726,350.0,57.5
24,0.0,0.7568214915553064,350.0,57.5
25,0.0,0.7500399825281242,350.0,57.5
26,25.0,0.7415372341834641,350.0,57.5
27,50.0,0.7322515590490746,350.0,57.5
28,0.0,0.7252548821799348,350.0,57.5
29,0.0,0.7181813936728831,350.0,57.5
30,0.0,0.7111768936564827,350.0,57.5
31,0.0,0.7050863900075716,350.0,57.5
32,0.0,0.6989082356920915,350.0,57.5
33,0.0,0.6926456591632751,350.0,57.5
34,0.0,0.686301910694918,350.0,57.5
35,0.0,0.6793365185392733,350.0,57.5
36,50.0,0.6705614279433619,350.0,57.5
37,50.0,0.6618996864945449,350.0,57.5
38,0.0,0.6557063643108847,350.0,57.5
39,75.0,0.6458140106717728,350.0,57.5
40,400.0,0.6346729411626012,400.0,57.5
41,0.0,0.6286086297493648,400.0,57.5
42,0.0,0.6229759737733175,400.0,57.5
43,0.0,0.617640820908687,400.0,57.5
44,0.0,0.6118616240368367,400.0,57.5
45,0.0,0.6065003298938891,400.0,57.5
46,0.0,0.6008253733647171,400.0,57.5
47,0.0,0.595441669626521,400.0,57.5
48,0.0,0.5904604120338728,400.0,57.5
49,0.0,0.5854037217418975,400.0,57.5
50,0.0,0.5854037217418975,400.0,57.5
51,50.0,0.5783044798273204,400.0,57.5
52,0.0,0.5722062203756105,400.0,57.5
53,0.0,0.5666254318515477,400.0,57.5
54,0.0,0.5610990733554033,400.0,57.5
55,0.0,0.5559601233885546,400.0,57.5
56,25.0,0.5494376996577159,400.0,57.5
57,0.0,0.5441878125161701,400.0,57.5
58,0.0,0.539527399773031,400.0,57.5
59,0.0,0.5344791015461449,400.0,57.5
60,0.0,0.5293721440796655,400.0,57.5
61,0.0,0.5243139836839956,400.0,57.5
62,0.0,0.5192002932714221,400.0,57.5
63,0.0,0.5135198218558439,400.0,57.5
64,0.0,0.508714873660004,400.0,57.5
65,0.0,0.5040556959723681,400.0,57.5
66,0.0,0.4995390982137412,400.0,57.5
67,50.0,0.49357986003838394,400.0,57.5
68,0.0,0.48837502737384836,400.0,57.5
69,0.0,0.4838053562398448,400.0,57.5
70,0.0,0.47966205755589625,400.0,57.5
71,0.0,0.4750788779345873,400.0,57.5
72,0.0,0.47110453353020076,400.0,57.5
73,0.0,0.46688319510029413,400.0,57.5
74,0.0,0.46260714209305065,400.0,57.5
75,0.0,0.4584619446519791,400.0,57.5
76,0.0,0.4539905162257836,400.0,57.5
77,0.0,0.4499225281752415,400.0,57.5
78,0.0,0.44598018742314205,400.0,57.5
79,0.0,0.4416304949114165,400.0,57.5
80,0.0,0.4375857243442285,400.0,57.5
81,0.0,0.4333179039295693,400.0,57.5
82,0.0,0.42969291728674064,400.0,57.5
83,0.0,0.4259278337609646,400.0,57.5
84,100.0,0.4193342637518147,400.0,57.5
85,0.0,0.41524445178619784,400.0,57.5
86,0.0,0.4111945281945108,400.0,57.5
87,0.0,0.4076730670830498,400.0,57.5
88,0.0,0.4041009273362067,400.0,57.5
89,75.0,0.39776567940395463,400.0,57.5
90,0.0,0.39404382992069237,400.0,57.5
91,25.0,0.3894209788938947,400.0,57.5
92,25.0,0.38516039821260317,400.0,57.5
93,0.0,0.3815564949517469,400.0,57.5
94,0.0,0.3782131955500096,400.0,57.5
95,0.0,0.37452444176472377,400.0,57.5
96,25.0,0.37020462959942463,400.0,57.5
97,50.0,0.3648383743588913,400.0,57.5
98,0.0,0.36171390635365147,400.0,57.5
99,0.0,0.35868793381209113,400.0,57.5
100,50.0,0.35868793381209113,400.0,57.5
101,0.0,0.35533173047370503,400.0,57.5
102,0.0,0.35165506460273377,400.0,57.5
103,0.0,0.3481556900446979,400.0,57.5
104,0.0,0.3448980357467467,400.0,57.5
105,0.0,0.34180757231650316,400.0,57.5
106,0.0,0.3388125635375814,400.0,57.5
107,0.0,0.33557520337496716,400.0,57.5
108,0.0,0.3323023024919154,400.0,57.5
109,0.0,0.32952237718305916,400.0,57.5
110,0.0,0.3265696875455949,400.0,57.5
111,0.0,0.3235787268317402,400.0,57.5
112,0.0,0.3206151594931223,400.0,57.5
113,0.0,0.31780584426692776,400.0,57.5
114,0.0,0.3146433085955614,400.0,57.5
115,0.0,0.3115122438113834,400.0,57.5
116,0.0,0.3087826907513569,400.0,57.5
117,0.0,0.30613828241706403,400.0,57.5
118,0.0,0.3032131256005631,400.0,57.5
119,0.0,0.3004360811252709,400.0,57.5
120,0.0,0.2975058958632902,400.0,57.5
121,0.0,0.29460428901185637,400.0,57.5
122,0.0,0.29178933971061416,400.0,57.5
123,0.0,0.2892326039773873,400.0,57.5
124,50.0,0.28589655863045205,400.0,57.5
125,0.0,0.28350484760981864,400.0,57.5
126,0.0,0.28090830575756864,400.0,57.5
127,0.0,0.2782242218236323,400.0,57.5
128,0.0,0.2757311899886083,400.0,57.5
129,0.0,0.27336983399725995,400.0,57.5
130,0.0,0.2709744948678036,400.0,57.5
131,0.0,0.2683316516105609,400.0,57.5
132,0.0,0.26582090201450154,400.0,57.5
133,0.0,0.2632283223000678,400.0,57.5
134,0.0,0.2608174874896158,400.0,57.5
135,0.0,0.2583770470964335,400.0,57.5
136,0.0,0.25606185613416277,400.0,57.5
137,0.0,0.2537674104712596,400.0,57.5
138,0.0,0.2514432255143498,400.0,57.5
139,0.0,0.24894107464344045,400.0,57.5
140,0.0,0.24661176053214548,400.0,57.5
141,0.0,0.2442553807071386,400.0,57.5
142,0.0,0.24211515015414384,400.0,57.5
143,0.0,0.24004168120622993,400.0,57.5
144,0.0,0.23779563773536638,400.0,57.5
145,50.0,0.23486488695379173,400.0,57.5
146,0.0,0.23243470794050364,400.0,57.5
147,0.0,0.23030590325807496,400.0,57.5
148,0.0,0.2281965957041779,400.0,57.5
149,0.0,0.226287582474249,400.0,57.5
150,0.0,0.226287582474249,400.0,57.5
151,0.0,0.22425992958593743,400.0,57.5
152,0.0,0.22233937236363335,400.0,57.5
153,0.0,0.22012683848820658,400.0,57.5
154,0.0,0.21806713599877317,400.0,57.5
155,0.0,0.21602670591780257,400.0,57.5
156,0.0,0.21409099575015986,400.0,57.5
157,0.0,0.21213019601307667,400.0,57.5
158,0.0,0.2102714548651618,400.0,57.5
159,0.0,0.20842900050111787,400.0,57.5
160,0.0,0.2064374576376817,400.0,57.5
161,0.0,0.2045058451713018,400.0,57.5
162,0.0,0.20271391061152044,400.0,57.5
163,0.0,0.20057627885437254,400.0,57.5
164,50.0,0.19818350955504396,400.0,57.5
165,0.0,0.19632912836827626,400.0,57.5
166,0.0,0.1946477699279497,400.0,57.5
167,0.0,0.19274934939009664,400.0,57.5
168,0.0,0.19106042837046439,400.0,57.5
169,0.0,0.18923484252736475,400.0,57.5
170,0.0,0.18750169336724012,400.0,57.5
171,0.0,0.18574726075350792,400.0,57.5
172,0.0,0.18397244232292928,400.0,57.5
173,0.0,0.18214170377016067,400.0,57.5
174,0.0,0.1805457297602746,400.0,57.5
175,0.0,0.17896374009876947,400.0,57.5
176,0.0,0.17725373833053848,400.0,57.5
177,0.0,0.17577089530002268,400.0,57.5
178,0.0,0.1741958978580983,400.0,57.5
179,0.0,0.17263501320167135,400.0,57.5
180,0.0,0.17108811487293993,400.0,57.5
181,0.0,0.1693855902781498,400.0,57.5
182,0.0,0.16783423488499408,400.0,57.5
183,0.0,0.1663969061006973,400.0,57.5
184,0.0,0.1649059044134987,400.0,57.5
185,0.0,0.16349365378849093,400.0,57.5
186,0.0,0.16209349764751596,400.0,57.5
187,0.0,0.16060892849757835,400.0,57.5
188,0.0,0.1590106839256915,400.0,57.5
189,0.0,0.15736537869519615,400.0,57.5
190,0.0,0.15586174966018249,400.0,57.5
191,0.0,0.15446514838219702,400.0,57.5
192,0.0,0.15298923110019425,400.0,57.5
193,0.0,0.15155772778002793,400.0,57.5
194,0.0,0.1502597906531353,400.0,57.5
195,0.0,0.1488538264054519,400.0,57.5
196,0.0,0.14749051571292626,400.0,57.5
197,0.0,0.14619816462083607,400.0,57.5
198,0.0,0.1447722782702481,400.0,57.5
199,0.0,0.1434463493390729,400.0,57.5
200,0.0,0.1434463493390729,400.0,57.5
201,0.0,0.14216099642056607,400.0,57.5
202,50.0,0.14049318929259857,400.0,57.5
203,150.0,0.13779362193333944,400.0,57.5
204,0.0,0.13650430224804652,400.0,57.5
205,0.0,0.13514592658270846,400.0,57.5
206,0.0,0.1337475532508221,400.0,57.5
207,0.0,0.13244309904580895,400.0,57.5
208,0.0,0.13125634089770008,400.0,57.5
209,0.0,0.12989821363931034,400.0,57.5
210,75.0,0.1278617486532327,400.0,57.5
211,0.0,0.12651343795456838,400.0,57.5
212,0.0,0.1254048935921437,400.0,57.5
213,0.0,0.12418180623989337,400.0,57.5
214,0.0,0.12282315677489435,400.0,57.5
215,0.0,0.12177130189718284,400.0,57.5
216,0.0,0.12063190128896215,400.0,57.5
217,0.0,0.11957489251373252,400.0,57.5
218,125.0,0.1177238150244686,400.0,57.5
219,125.0,0.11392473943879355,400.0,57.5
220,0.0,0.11283618649629198,400.0,57.5
221,0.0,0.11178039077496725,400.0,57.5
222,250.0,0.10696821659603616,400.0,57.5
223,0.0,0.10594613335491262,400.0,57.5
224,25.0,0.10468225181955797,400.0,57.5
225,0.0,0.10378575526241411,400.0,57.5
226,50.0,0.10242465023624718,400.0,57.5
227,0.0,0.1014054065192333,400.0,57.5
228,0.0,0.1004163887336367,400.0,57.5
229,0.0,0.1,400.0,57.5
230,0.0,0.1,400.0,57.5
231,0.0,0.1,400.0,57.5
232,0.0,0.1,400.0,57.5
233,0.0,0.1,400.0,57.5
234,0.0,0.1,400.0,57.5
235,0.0,0.1,400.0,57.5
236,0.0,0.1,400.0,57.5
237,475.0,0.1,475.0,57.5
238,0.0,0.1,475.0,57.5
239,25.0,0.1,475.0,57.5
240,75.0,0.1,475.0,57.5
241,50.0,0.1,475.0,62.5
242,0.0,0.1,475.0,62.5
243,50.0,0.1,475.0,67.5
244,0.0,0.1,475.0,67.5
245,0.0,0.1,475.0,67.5
246,75.0,0.1,475.0,75.0
247,0.0,0.1,475.0,75.0
248,0.0,0.1,475.0,75.0
249,50.0,0.1,475.0,75.0
250,0.0,0.1,475.0,75.0
251,0.0,0.1,475.0,75.0
252,0.0,0.1,475.0,75.0
253,100.0,0.1,475.0,75.0
254,0.0,0.1,475.0,75.0
255,25.0,0.1,475.0,75.0
256,0.0,0.1,475.0,75.0
257,0.0,0.1,475.0,75.0
258,0.0,0.1,475.0,75.0
259,125.0,0.1,475.0,75.0
260,50.0,0.1,475.0,75.0
261,0.0,0.1,475.0,75.0
262,0.0,0.1,475.0,75.0
263,0.0,0.1,475.0,75.0
264,0.0,0.1,475.0,75.0
265,325.0,0.1,475.0,75.0
266,0.0,0.1,475.0,75.0
267,0.0,0.1,475.0,75.0
268,250.0,0.1,475.0,75.0
269,0.0,0.1,475.0,75.0
270,525.0,0.1,525.0,110.0
271,125.0,0.1,525.0,122.5
272,0.0,0.1,525.0,122.5
273,0.0,0.1,525.0,122.5
274,0.0,0.1,525.0,122.5
275,0.0,0.1,525.0,122.5
276,0.0,0.1,525.0,122.5
277,0.0,0.1,525.0,122.5
278,0.0,0.1,525.0,122.5
279,0.0,0.1,525.0,122.5
280,0.0,0.1,525.0,122.5
281,25.0,0.1,525.0,122.5
282,0.0,0.1,525.0,122.5
283,0.0,0.1,525.0,122.5
284,50.0,0.1,525.0,122.5
285,0.0,0.1,525.0,122.5
286,125.0,0.1,525.0,122.5
287,125.0,0.1,525.0,122.5
288,425.0,0.1,525.0,122.5
289,50.0,0.1,525.0,122.5
290,125.0,0.1,525.0,122.5
291,0.0,0.1,525.0,122.5
292,125.0,0.1,525.0,122.5
293,0.0,0.1,525.0,122.5
294,125.0,0.1,525.0,122.5
295,0.0,0.1,525.0,122.5
296,125.0,0.1,525.0,122.5
297,0.0,0.1,525.0,122.5
298,0.0,0.1,525.0,122.5
299,0.0,0.1,525.0,122.5
300,50.0,0.1,525.0,122.5
301,75.0,0.1,525.0,122.5
302,125.0,0.1,525.0,122.5
303,0.0,0.1,525.0,122.5
304,0.0,0.1,525.0,122.5
305,0.0,0.1,525.0,122.5
306,0.0,0.1,525.0,122.5
307,125.0,0.1,525.0,122.5
308,0.0,0.1,525.0,122.5
309,125.0,0.1,525.0,122.5
310,50.0,0.1,525.0,122.5
311,0.0,0.1,525.0,122.5
312,150.0,0.1,525.0,122.5
313,0.0,0.1,525.0,122.5
314,0.0,0.1,525.0,122.5
315,0.0,0.1,525.0,122.5
316,125.0,0.1,525.0,122.5
317,125.0,0.1,525.0,122.5
318,125.0,0.1,525.0,122.5
319,475.0,0.1,525.0,122.5
320,450.0,0.1,525.0,145.0
321,0.0,0.1,525.0,145.0
322,450.0,0.1,525.0,175.0
323,0.0,0.1,525.0,175.0
324,0.0,0.1,525.0,175.0
325,25.0,0.1,525.0,177.5
326,0.0,0.1,525.0,177.5
327,0.0,0.1,525.0,177.5
328,0.0,0.1,525.0,177.5
329,125.0,0.1,525.0,177.5
330,225.0,0.1,525.0,177.5
331,0.0,0.1,525.0,177.5
332,100.0,0.1,525.0,177.5
333,0.0,0.1,525.0,177.5
334,0.0,0.1,525.0,177.5
335,125.0,0.1,525.0,177.5
336,125.0,0.1,525.0,177.5
337,175.0,0.1,525.0,177.5
338,125.0,0.1,525.0,177.5
339,75.0,0.1,525.0,177.5
340,75.0,0.1,525.0,177.5
341,125.0,0.1,525.0,177.5
342,50.0,0.1,525.0,177.5
343,75.0,0.1,525.0,177.5
344,0.0,0.1,525.0,177.5
345,0.0,0.1,525.0,177.5
346,50.0,0.1,525.0,177.5
347,0.0,0.1,525.0,177.5
348,0.0,0.1,525.0,177.5
349,0.0,0.1,525.0,177.5
350,0.0,0.1,525.0,177.5
351,150.0,0.1,525.0,177.5
352,375.0,0.1,525.0,177.5
353,0.0,0.1,525.0,177.5
354,0.0,0.1,525.0,177.5
355,0.0,0.1,525.0,177.5
356,0.0,0.1,525.0,177.5
357,50.0,0.1,525.0,177.5
358,0.0,0.1,525.0,177.5
359,400.0,0.1,525.0,177.5
360,25.0,0.1,525.0,177.5
361,50.0,0.1,525.0,177.5
362,0.0,0.1,525.0,177.5
363,0.0,0.1,525.0,177.5
364,0.0,0.1,525.0,177.5
365,0.0,0.1,525.0,177.5
366,50.0,0.1,525.0,177.5
367,0.0,0.1,525.0,177.5
368,100.0,0.1,525.0,177.5
369,0.0,0.1,525.0,177.5
370,0.0,0.1,525.0,177.5
371,0.0,0.1,525.0,177.5
372,0.0,0.1,525.0,177.5
373,150.0,0.1,525.0,177.5
374,0.0,0.1,525.0,177.5
375,375.0,0.1,525.0,177.5
376,125.0,0.1,525.0,177.5
377,0.0,0.1,525.0,177.5
378,0.0,0.1,525.0,177.5
379,25.0,0.1,525.0,177.5
380,0.0,0.1,525.0,177.5
381,0.0,0.1,525.0,177.5
382,0.0,0.1,525.0,177.5
383,0.0,0.1,525.0,177.5
384,0.0,0.1,525.0,177.5
385,0.0,0.1,525.0,177.5
386,0.0,0.1,525.0,177.5
387,50.0,0.1,525.0,177.5
388,0.0,0.1,525.0,177.5
389,50.0,0.1,525.0,177.5
390,0.0,0.1,525.0,177.5
391,0.0,0.1,525.0,177.5
392,0.0,0.1,525.0,177.5
393,25.0,0.1,525.0,177.5
394,0.0,0.1,525.0,177.5
395,125.0,0.1,525.0,177.5
396,50.0,0.1,525.0,177.5
397,0.0,0.1,525.0,177.5
398,0.0,0.1,525.0,177.5
399,0.0,0.1,525.0,177.5
400,0.0,0.1,525.0,177.5
401,75.0,0.1,525.0,177.5
402,0.0,0.1,525.0,177.5
403,125.0,0.1,525.0,177.5
404,0.0,0.1,525.0,177.5
405,50.0,0.1,525.0,177.5
406,0.0,0.1,525.0,177.5
407,0.0,0.1,525.0,177.5
408,0.0,0.1,525.0,177.5
409,0.0,0.1,525.0,177.5
410,0.0,0.1,525.0,177.5
411,0.0,0.1,525.0,177.5
412,150.0,0.1,525.0,177.5
413,0.0,0.1,525.0,177.5
414,50.0,0.1,525.0,177.5
415,0.0,0.1,525.0,177.5
416,0.0,0.1,525.0,177.5
417,75.0,0.1,525.0,177.5
418,25.0,0.1,525.0,177.5
419,50.0,0.1,525.0,177.5
420,0.0,0.1,525.0,177.5
421,0.0,0.1,525.0,177.5
422,450.0,0.1,525.0,177.5
423,125.0,0.1,525.0,177.5
424,50.0,0.1,525.0,177.5
425,425.0,0.1,525.0,177.5
426,0.0,0.1,525.0,177.5
427,0.0,0.1,525.0,177.5
428,0.0,0.1,525.0,177.5
429,0.0,0.1,525.0,177.5
430,75.0,0.1,525.0,177.5
431,25.0,0.1,525.0,177.5
432,400.0,0.1,525.0,177.5
433,75.0,0.1,525.0,177.5
434,75.0,0.1,525.0,177.5
435,0.0,0.1,525.0,177.5
436,350.0,0.1,525.0,177.5
437,0.0,0.1,525.0,177.5
438,325.0,0.1,525.0,177.5
439,75.0,0.1,525.0,177.5
440,75.0,0.1,525.0,177.5
441,0.0,0.1,525.0,177.5
442,0.0,0.1,525.0,177.5
443,0.0,0.1,525.0,177.5
444,425.0,0.1,525.0,177.5
445,50.0,0.1,525.0,177.5
446,0.0,0.1,525.0,177.5
447,0.0,0.1,525.0,177.5
448,0.0,0.1,525.0,177.5
449,0.0,0.1,525.0,177.5
450,0.0,0.1,525.0,177.5
451,0.0,0.1,525.0,177.5
452,0.0,0.1,525.0,177.5
453,0.0,0.1,525.0,177.5
454,0.0,0.1,525.0,177.5
455,25.0,0.1,525.0,177.5
456,50.0,0.1,525.0,177.5
457,0.0,0.1,525.0,177.5
458,0.0,0.1,525.0,177.5
459,0.0,0.1,525.0,177.5
460,0.0,0.1,525.0,177.5
461,0.0,0.1,525.0,177.5
462,0.0,0.1,525.0,177.5
463,0.0,0.1,525.0,177.5
464,0.0,0.1,525.0,177.5
465,0.0,0.1,525.0,177.5
466,0.0,0.1,525.0,177.5
467,0.0,0.1,525.0,177.5
468,375.0,0.1,525.0,177.5
469,325.0,0.1,525.0,177.5
470,0.0,0.1,525.0,177.5
471,350.0,0.1,525.0,177.5
472,0.0,0.1,525.0,177.5
473,50.0,0.1,525.0,177.5
474,0.0,0.1,525.0,177.5
475,25.0,0.1,525.0,177.5
476,0.0,0.1,525.0,177.5
477,0.0,0.1,525.0,177.5
478,0.0,0.1,525.0,177.5
479,0.0,0.1,525.0,177.5
480,0.0,0.1,525.0,177.5
481,0.0,0.1,525.0,177.5
482,0.0,0.1,525.0,177.5
483,75.0,0.1,525.0,177.5
484,125.0,0.1,525.0,177.5
485,0.0,0.1,525.0,177.5
486,0.0,0.1,525.0,177.5
487,50.0,0.1,525.0,177.5
488,0.0,0.1,525.0,177.5
489,0.0,0.1,525.0,177.5
490,0.0,0.1,525.0,177.5
491,0.0,0.1,525.0,177.5
492,75.0,0.1,525.0,177.5
493,75.0,0.1,525.0,177.5
494,0.0,0.1,525.0,177.5
495,0.0,0.1,525.0,177.5
496,0.0,0.1,525.0,177.5
497,25.0,0.1,525.0,177.5
498,0.0,0.1,525.0,177.5
499,50.0,0.1,525.0,177.5
500,0.0,0.1,525.0,177.5
501,50.0,0.1,525.0,177.5
502,0.0,0.1,525.0,177.5
503,0.0,0.1,525.0,177.5
504,0.0,0.1,525.0,177.5
505,75.0,0.1,525.0,177.5
506,0.0,0.1,525.0,177.5
507,0.0,0.1,525.0,177.5
508,0.0,0.1,525.0,177.5
509,0.0,0.1,525.0,177.5
510,0.0,0.1,525.0,177.5
511,0.0,0.1,525.0,177.5
512,50.0,0.1,525.0,177.5
513,0.0,0.1,525.0,177.5
514,400.0,0.1,525.0,177.5
515,0.0,0.1,525.0,177.5
516,50.0,0.1,525.0,177.5
517,0.0,0.1,525.0,177.5
518,0.0,0.1,525.0,177.5
519,0.0,0.1,525.0,177.5
520,50.0,0.1,525.0,177.5
521,0.0,0.1,525.0,177.5
522,0.0,0.1,525.0,177.5
523,50.0,0.1,525.0,177.5
524,0.0,0.1,525.0,177.5
525,325.0,0.1,525.0,177.5
526,400.0,0.1,525.0,177.5
527,50.0,0.1,525.0,177.5
528,0.0,0.1,525.0,177.5
529,450.0,0.1,525.0,177.5
530,0.0,0.1,525.0,177.5
531,0.0,0.1,525.0,177.5
532,400.0,0.1,525.0,177.5
533,125.0,0.1,525.0,177.5
534,0.0,0.1,525.0,177.5
535,0.0,0.1,525.0,177.5
536,0.0,0.1,525.0,177.5
537,0.0,0.1,525.0,177.5
538,0.0,0.1,525.0,177.5
539,50.0,0.1,525.0,177.5
540,0.0,0.1,525.0,177.5
541,50.0,0.1,525.0,177.5
542,25.0,0.1,525.0,177.5
543,325.0,0.1,525.0,177.5
544,400.0,0.1,525.0,177.5
545,0.0,0.1,525.0,177.5
546,0.0,0.1,525.0,177.5
547,0.0,0.1,525.0,177.5
548,50.0,0.1,525.0,177.5
549,0.0,0.1,525.0,177.5
550,25.0,0.1,525.0,177.5
551,50.0,0.1,525.0,177.5
552,0.0,0.1,525.0,177.5
553,0.0,0.1,525.0,177.5
554,0.0,0.1,525.0,177.5
555,0.0,0.1,525.0,177.5
556,0.0,0.1,525.0,177.5
557,0.0,0.1,525.0,177.5
558,0.0,0.1,525.0,177.5
559,400.0,0.1,525.0,177.5
560,0.0,0.1,525.0,177.5
561,125.0,0.1,525.0,177.5
562,225.0,0.1,525.0,177.5
563,0.0,0.1,525.0,177.5
564,0.0,0.1,525.0,177.5
565,0.0,0.1,525.0,177.5
566,0.0,0.1,525.0,177.5
567,0.0,0.1,525.0,177.5
568,0.0,0.1,525.0,177.5
569,0.0,0.1,525.0,177.5
570,0.0,0.1,525.0,177.5
571,50.0,0.1,525.0,177.5
572,0.0,0.1,525.0,177.5
573,0.0,0.1,525.0,177.5
574,0.0,0.1,525.0,177.5
575,350.0,0.1,525.0,177.5
576,0.0,0.1,525.0,177.5
577,0.0,0.1,525.0,177.5
578,0.0,0.1,525.0,177.5
579,0.0,0.1,525.0,177.5
580,50.0,0.1,525.0,177.5
581,0.0,0.1,525.0,177.5
582,0.0,0.1,525.0,177.5
583,325.0,0.1,525.0,177.5
584,0.0,0.1,525.0,177.5
585,50.0,0.1,525.0,177.5
586,375.0,0.1,525.0,177.5
587,0.0,0.1,525.0,177.5
588,25.0,0.1,525.0,177.5
589,50.0,0.1,525.0,177.5
590,0.0,0.1,525.0,177.5
591,100.0,0.1,525.0,177.5
592,0.0,0.1,525.0,177.5
593,0.0,0.1,525.0,177.5
594,75.0,0.1,525.0,177.5
595,0.0,0.1,525.0,177.5
596,0.0,0.1,525.0,177.5
597,0.0,0.1,525.0,177.5
598,0.0,0.1,525.0,177.5
599,0.0,0.1,525.0,177.5
600,50.0,0.1,525.0,177.5
601,50.0,0.1,525.0,177.5
602,125.0,0.1,525.0,177.5
603,0.0,0.1,525.0,177.5
604,0.0,0.1,525.0,177.5
605,0.0,0.1,525.0,177.5
606,0.0,0.1,525.0,177.5
607,0.0,0.1,525.0,177.5
608,0.0,0.1,525.0,177.5
609,400.0,0.1,525.0,177.5
610,0.0,0.1,525.0,177.5
611,0.0,0.1,525.0,177.5
612,375.0,0.1,525.0,177.5
613,50.0,0.1,525.0,177.5
614,0.0,0.1,525.0,177.5
615,0.0,0.1,525.0,177.5
616,50.0,0.1,525.0,177.5
617,25.0,0.1,525.0,177.5
618,0.0,0.1,525.0,177.5
619,125.0,0.1,525.0,177.5
620,50.0,0.1,525.0,177.5
621,100.0,0.1,525.0,177.5
622,0.0,0.1,525.0,177.5
623,50.0,0.1,525.0,177.5
624,0.0,0.1,525.0,177.5
625,0.0,0.1,525.0,177.5
626,450.0,0.1,525.0,177.5
627,75.0,0.1,525.0,177.5
628,125.0,0.1,525.0,177.5
629,0.0,0.1,525.0,177.5
630,350.0,0.1,525.0,177.5
631,0.0,0.1,525.0,177.5
632,0.0,0.1,525.0,177.5
633,0.0,0.1,525.0,177.5
634,25.0,0.1,525.0,177.5
635,0.0,0.1,525.0,177.5
636,50.0,0.1,525.0,177.5
637,350.0,0.1,525.0,177.5
638,0.0,0.1,525.0,177.5
639,0.0,0.1,525.0,177.5
640,50.0,0.1,525.0,177.5
641,375.0,0.1,525.0,177.5
642,0.0,0.1,525.0,177.5
643,0.0,0.1,525.0,177.5
644,0.0,0.1,525.0,177.5
645,0.0,0.1,525.0,177.5
646,25.0,0.1,525.0,177.5
647,400.0,0.1,525.0,177.5
648,75.0,0.1,525.0,177.5
649,350.0,0.1,525.0,177.5
650,0.0,0.1,525.0,177.5
651,0.0,0.1,525.0,177.5
652,375.0,0.1,525.0,177.5
653,0.0,0.1,525.0,177.5
654,25.0,0.1,525.0,177.5
655,0.0,0.1,525.0,177.5
656,450.0,0.1,525.0,177.5
657,375.0,0.1,525.0,177.5
658,400.0,0.1,525.0,197.5
659,0.0,0.1,525.0,197.5
660,0.0,0.1,525.0,197.5
661,0.0,0.1,525.0,197.5
662,0.0,0.1,525.0,197.5
663,25.0,0.1,525.0,197.5
664,50.0,0.1,525.0,197.5
665,50.0,0.1,525.0,197.5
666,150.0,0.1,525.0,197.5
667,0.0,0.1,525.0,197.5
668,350.0,0.1,525.0,197.5
669,50.0,0.1,525.0,197.5
670,325.0,0.1,525.0,197.5
671,350.0,0.1,525.0,197.5
672,0.0,0.1,525.0,197.5
673,0.0,0.1,525.0,197.5
674,100.0,0.1,525.0,197.5
675,25.0,0.1,525.0,197.5
676,0.0,0.1,525.0,197.5
677,150.0,0.1,525.0,197.5
678,50.0,0.1,525.0,197.5
679,0.0,0.1,525.0,197.5
680,0.0,0.1,525.0,197.5
681,0.0,0.1,525.0,197.5
682,400.0,0.1,525.0,197.5
683,400.0,0.1,525.0,197.5
684,50.0,0.1,525.0,197.5
685,475.0,0.1,525.0,197.5
686,0.0,0.1,525.0,197.5
687,0.0,0.1,525.0,197.5
688,50.0,0.1,525.0,197.5
689,0.0,0.1,525.0,197.5
690,0.0,0.1,525.0,197.5
691,375.0,0.1,525.0,197.5
692,0.0,0.1,525.0,197.5
693,50.0,0.1,525.0,197.5
694,50.0,0.1,525.0,197.5
695,0.0,0.1,525.0,197.5
696,0.0,0.1,525.0,197.5
697,50.0,0.1,525.0,197.5
698,25.0,0.1,525.0,197.5
699,425.0,0.1,525.0,197.5
700,0.0,0.1,525.0,197.5
701,0.0,0.1,525.0,197.5
702,0.0,0.1,525.0,197.5
703,0.0,0.1,525.0,197.5
704,0.0,0.1,525.0,197.5
705,0.0,0.1,525.0,197.5
706,175.0,0.1,525.0,197.5
707,0.0,0.1,525.0,197.5
708,50.0,0.1,525.0,197.5
709,375.0,0.1,525.0,197.5
710,0.0,0.1,525.0,197.5
711,0.0,0.1,525.0,197.5
712,0.0,0.1,525.0,197.5
713,25.0,0.1,525.0,197.5
714,0.0,0.1,525.0,197.5
715,0.0,0.1,525.0,197.5
716,0.0,0.1,525.0,197.5
717,0.0,0.1,525.0,197.5
718,50.0,0.1,525.0,197.5
719,325.0,0.1,525.0,197.5
720,0.0,0.1,525.0,197.5
721,50.0,0.1,525.0,197.5
722,0.0,0.1,525.0,197.5
723,0.0,0.1,525.0,197.5
724,0.0,0.1,525.0,197.5
725,50.0,0.1,525.0,197.5
726,350.0,0.1,525.0,197.5
727,0.0,0.1,525.0,197.5
728,0.0,0.1,525.0,197.5
729,0.0,0.1,525.0,197.5
730,25.0,0.1,525.0,197.5
731,0.0,0.1,525.0,197.5
732,125.0,0.1,525.0,197.5
733,125.0,0.1,525.0,197.5
734,0.0,0.1,525.0,197.5
735,0.0,0.1,525.0,197.5
736,0.0,0.1,525.0,197.5
737,0.0,0.1,525.0,197.5
738,0.0,0.1,525.0,197.5
739,375.0,0.1,525.0,197.5
740,350.0,0.1,525.0,197.5
741,425.0,0.1,525.0,197.5
742,325.0,0.1,525.0,197.5
743,50.0,0.1,525.0,197.5
744,0.0,0.1,525.0,197.5
745,25.0,0.1,525.0,197.5
746,0.0,0.1,525.0,197.5
747,400.0,0.1,525.0,197.5
748,0.0,0.1,525.0,197.5
749,0.0,0.1,525.0,197.5
750,0.0,0.1,525.0,197.5
751,50.0,0.1,525.0,197.5
752,450.0,0.1,525.0,197.5
753,0.0,0.1,525.0,197.5
754,0.0,0.1,525.0,197.5
755,0.0,0.1,525.0,197.5
756,0.0,0.1,525.0,197.5
757,450.0,0.1,525.0,197.5
758,0.0,0.1,525.0,197.5
759,350.0,0.1,525.0,197.5
760,350.0,0.1,525.0,197.5
761,75.0,0.1,525.0,197.5
762,350.0,0.1,525.0,197.5
763,400.0,0.1,525.0,197.5
764,325.0,0.1,525.0,230.0
765,0.0,0.1,525.0,230.0
766,0.0,0.1,525.0,230.0
767,0.0,0.1,525.0,230.0
768,0.0,0.1,525.0,230.0
769,0.0,0.1,525.0,230.0
770,375.0,0.1,525.0,230.0
771,375.0,0.1,525.0,230.0
772,50.0,0.1,525.0,230.0
773,25.0,0.1,525.0,230.0
774,325.0,0.1,525.0,230.0
775,0.0,0.1,525.0,230.0
776,200.0,0.1,525.0,230.0
777,375.0,0.1,525.0,230.0
778,350.0,0.1,525.0,230.0
779,25.0,0.1,525.0,230.0
780,0.0,0.1,525.0,230.0
781,0.0,0.1,525.0,230.0
782,0.0,0.1,525.0,230.0
783,0.0,0.1,525.0,230.0
784,0.0,0.1,525.0,230.0
785,0.0,0.1,525.0,230.0
786,350.0,0.1,525.0,230.0
787,400.0,0.1,525.0,230.0
788,350.0,0.1,525.0,230.0
789,375.0,0.1,525.0,230.0
790,0.0,0.1,525.0,230.0
791,0.0,0.1,525.0,230.0
792,25.0,0.1,525.0,230.0
793,325.0,0.1,525.0,230.0
794,25.0,0.1,525.0,230.0
795,50.0,0.1,525.0,230.0
796,450.0,0.1,525.0,230.0
797,0.0,0.1,525.0,230.0
798,0.0,0.1,525.0,230.0
799,0.0,0.1,525.0,230.0
800,0.0,0.1,525.0,230.0
801,0.0,0.1,525.0,230.0
802,0.0,0.1,525.0,230.0
803,425.0,0.1,525.0,230.0
804,0.0,0.1,525.0,230.0
805,0.0,0.1,525.0,230.0
806,0.0,0.1,525.0,230.0
807,0.0,0.1,525.0,230.0
808,0.0,0.1,525.0,230.0
809,0.0,0.1,525.0,230.0
810,0.0,0.1,525.0,230.0
811,0.0,0.1,525.0,230.0
812,400.0,0.1,525.0,230.0
813,0.0,0.1,525.0,230.0
814,0.0,0.1,525.0,230.0
815,375.0,0.1,525.0,230.0
816,0.0,0.1,525.0,230.0
817,0.0,0.1,525.0,230.0
818,25.0,0.1,525.0,230.0
819,50.0,0.1,525.0,230.0
820,0.0,0.1,525.0,230.0
821,0.0,0.1,525.0,230.0
822,0.0,0.1,525.0,230.0
823,0.0,0.1,525.0,230.0
824,0.0,0.1,525.0,230.0
825,0.0,0.1,525.0,230.0
826,0.0,0.1,525.0,230.0
827,0.0,0.1,525.0,230.0
828,0.0,0.1,525.0,230.0
829,0.0,0.1,525.0,230.0
830,50.0,0.1,525.0,230.0
831,25.0,0.1,525.0,230.0
832,0.0,0.1,525.0,230.0
833,0.0,0.1,525.0,230.0
834,0.0,0.1,525.0,230.0
835,0.0,0.1,525.0,230.0
836,0.0,0.1,525.0,230.0
837,0.0,0.1,525.0,230.0
838,0.0,0.1,525.0,230.0
839,0.0,0.1,525.0,230.0
840,400.0,0.1,525.0,230.0
841,50.0,0.1,525.0,230.0
842,0.0,0.1,525.0,230.0
843,400.0,0.1,525.0,230.0
844,0.0,0.1,525.0,230.0
845,350.0,0.1,525.0,230.0
846,50.0,0.1,525.0,230.0
847,25.0,0.1,525.0,230.0
848,0.0,0.1,525.0,230.0
849,0.0,0.1,525.0,230.0
850,75.0,0.1,525.0,230.0
851,0.0,0.1,525.0,230.0
852,0.0,0.1,525.0,230.0
853,0.0,0.1,525.0,230.0
854,25.0,0.1,525.0,230.0
855,50.0,0.1,525.0,230.0
856,75.0,0.1,525.0,230.0
857,0.0,0.1,525.0,230.0
858,0.0,0.1,525.0,230.0
859,0.0,0.1,525.0,230.0
860,0.0,0.1,525.0,230.0
861,0.0,0.1,525.0,230.0
862,0.0,0.1,525.0,230.0
863,0.0,0.1,525.0,230.0
864,0.0,0.1,525.0,230.0
865,25.0,0.1,525.0,230.0
866,0.0,0.1,525.0,230.0
867,0.0,0.1,525.0,230.0
868,0.0,0.1,525.0,230.0
869,100.0,0.1,525.0,230.0
870,0.0,0.1,525.0,230.0
871,0.0,0.1,525.0,230.0
872,0.0,0.1,525.0,230.0
873,0.0,0.1,525.0,230.0
874,0.0,0.1,525.0,230.0
875,0.0,0.1,525.0,230.0
876,0.0,0.1,525.0,230.0
877,50.0,0.1,525.0,230.0
878,0.0,0.1,525.0,230.0
879,0.0,0.1,525.0,230.0
880,0.0,0.1,525.0,230.0
881,0.0,0.1,525.0,230.0
882,400.0,0.1,525.0,230.0
883,0.0,0.1,525.0,230.0
884,25.0,0.1,525.0,230.0
885,0.0,0.1,525.0,230.0
886,0.0,0.1,525.0,230.0
887,0.0,0.1,525.0,230.0
888,0.0,0.1,525.0,230.0
889,0.0,0.1,525.0,230.0
890,0.0,0.1,525.0,230.0
891,325.0,0.1,525.0,230.0
892,50.0,0.1,525.0,230.0
893,0.0,0.1,525.0,230.0
894,0.0,0.1,525.0,230.0
895,0.0,0.1,525.0,230.0
896,0.0,0.1,525.0,230.0
897,0.0,0.1,525.0,230.0
898,0.0,0.1,525.0,230.0
899,0.0,0.1,525.0,230.0
900,0.0,0.1,525.0,230.0
901,25.0,0.1,525.0,230.0
902,0.0,0.1,525.0,230.0
903,0.0,0.1,525.0,230.0
904,0.0,0.1,525.0,230.0
905,350.0,0.1,525.0,230.0
906,0.0,0.1,525.0,230.0
907,0.0,0.1,525.0,230.0
908,425.0,0.1,525.0,230.0
909,75.0,0.1,525.0,230.0
910,0.0,0.1,525.0,230.0
911,0.0,0.1,525.0,230.0
912,0.0,0.1,525.0,230.0
913,0.0,0.1,525.0,230.0
914,0.0,0.1,525.0,230.0
915,0.0,0.1,525.0,230.0
916,0.0,0.1,525.0,230.0
917,0.0,0.1,525.0,230.0
918,50.0,0.1,525.0,230.0
919,0.0,0.1,525.0,230.0
920,0.0,0.1,525.0,230.0
921,0.0,0.1,525.0,230.0
922,0.0,0.1,525.0,230.0
923,0.0,0.1,525.0,230.0
924,0.0,0.1,525.0,230.0
925,25.0,0.1,525.0,230.0
926,0.0,0.1,525.0,230.0
927,0.0,0.1,525.0,230.0
928,0.0,0.1,525.0,230.0
929,25.0,0.1,525.0,230.0
930,0.0,0.1,525.0,230.0
931,0.0,0.1,525.0,230.0
932,50.0,0.1,525.0,230.0
933,0.0,0.1,525.0,230.0
934,0.0,0.1,525.0,230.0
935,0.0,0.1,525.0,230.0
936,0.0,0.1,525.0,230.0
937,0.0,0.1,525.0,230.0
938,50.0,0.1,525.0,230.0
939,350.0,0.1,525.0,230.0
940,0.0,0.1,525.0,230.0
941,50.0,0.1,525.0,230.0
942,25.0,0.1,525.0,230.0
943,0.0,0.1,525.0,230.0
944,0.0,0.1,525.0,230.0
945,0.0,0.1,525.0,230.0
946,0.0,0.1,525.0,230.0
947,425.0,0.1,525.0,230.0
948,0.0,0.1,525.0,230.0
949,0.0,0.1,525.0,230.0
950,0.0,0.1,525.0,230.0
951,0.0,0.1,525.0,230.0
952,25.0,0.1,525.0,230.0
953,0.0,0.1,525.0,230.0
954,25.0,0.1,525.0,230.0
955,0.0,0.1,525.0,230.0
956,0.0,0.1,525.0,230.0
957,0.0,0.1,525.0,230.0
958,0.0,0.1,525.0,230.0
959,0.0,0.1,525.0,230.0
960,75.0,0.1,525.0,230.0
961,1025.0,0.1,1025.0,230.0
962,0.0,0.1,1025.0,230.0
963,0.0,0.1,1025.0,230.0
964,25.0,0.1,1025.0,230.0
965,400.0,0.1,1025.0,230.0
966,25.0,0.1,1025.0,230.0
967,400.0,0.1,1025.0,230.0
968,0.0,0.1,1025.0,230.0
969,0.0,0.1,1025.0,230.0
970,25.0,0.1,1025.0,230.0
971,500.0,0.1,1025.0,230.0
972,0.0,0.1,1025.0,230.0
973,75.0,0.1,1025.0,230.0
974,0.0,0.1,1025.0,230.0
975,375.0,0.1,1025.0,230.0
976,25.0,0.1,1025.0,230.0
977,0.0,0.1,1025.0,230.0
978,0.0,0.1,1025.0,230.0
979,0.0,0.1,1025.0,230.0
980,0.0,0.1,1025.0,230.0
981,0.0,0.1,1025.0,230.0
982,0.0,0.1,1025.0,230.0
983,25.0,0.1,1025.0,230.0
984,25.0,0.1,1025.0,230.0
985,0.0,0.1,1025.0,230.0
986,350.0,0.1,1025.0,230.0
987,0.0,0.1,1025.0,230.0
988,0.0,0.1,1025.0,230.0
989,0.0,0.1,1025.0,230.0
990,0.0,0.1,1025.0,230.0
991,400.0,0.1,1025.0,230.0
992,25.0,0.1,1025.0,230.0
993,0.0,0.1,1025.0,230.0
994,0.0,0.1,1025.0,230.0
995,0.0,0.1,1025.0,230.0
996,0.0,0.1,1025.0,230.0
997,0.0,0.1,1025.0,230.0
998,0.0,0.1,1025.0,230.0
999,0.0,0.1,1025.0,230.0
1000,25.0,0.1,1025.0,230.0
1001,0.0,0.1,1025.0,230.0
1002,0.0,0.1,1025.0,230.0
1003,0.0,0.1,1025.0,230.0
1004,0.0,0.1,1025.0,230.0
1005,25.0,0.1,1025.0,230.0
1006,375.0,0.1,1025.0,230.0
1007,25.0,0.1,1025.0,230.0
1008,75.0,0.1,1025.0,230.0
1009,50.0,0.1,1025.0,230.0
1010,0.0,0.1,1025.0,230.0
1011,375.0,0.1,1025.0,230.0
1012,0.0,0.1,1025.0,230.0
1013,0.0,0.1,1025.0,230.0
1014,25.0,0.1,1025.0,230.0
1015,0.0,0.1,1025.0,230.0
1016,25.0,0.1,1025.0,230.0
1017,450.0,0.1,1025.0,230.0
1018,0.0,0.1,1025.0,230.0
1019,75.0,0.1,1025.0,230.0
1020,450.0,0.1,1025.0,230.0
1021,25.0,0.1,1025.0,230.0
1022,0.0,0.1,1025.0,230.0
1023,375.0,0.1,1025.0,230.0
1024,325.0,0.1,1025.0,230.0
1025,0.0,0.1,1025.0,230.0
1026,0.0,0.1,1025.0,230.0
1027,325.0,0.1,1025.0,230.0
1028,0.0,0.1,1025.0,230.0
1029,150.0,0.1,1025.0,230.0
1030,0.0,0.1,1025.0,230.0
1031,0.0,0.1,1025.0,230.0
1032,500.0,0.1,1025.0,230.0
1033,0.0,0.1,1025.0,230.0
1034,0.0,0.1,1025.0,230.0
1035,0.0,0.1,1025.0,230.0
1036,500.0,0.1,1025.0,230.0
1037,350.0,0.1,1025.0,230.0
1038,0.0,0.1,1025.0,230.0
1039,375.0,0.1,1025.0,230.0
1040,0.0,0.1,1025.0,230.0
1041,375.0,0.1,1025.0,230.0
1042,0.0,0.1,1025.0,230.0
1043,0.0,0.1,1025.0,230.0
1044,0.0,0.1,1025.0,230.0
1045,50.0,0.1,1025.0,230.0
